{"cameraMode":{"drawMode":0,"name":"Shaded","section":"Shading Mode"},"sceneLighting":true,"audioPlay":false,"sceneViewState":{"m_AlwaysRefresh":false,"showFog":true,"showSkybox":true,"showFlares":true,"showImageEffects":true,"showParticleSystems":true,"showVisualEffectGraphs":true,"m_FxEnabled":true},"in2DMode":false,"pivot":{"x":0.8334539532661438,"y":22.945940017700197,"z":19.781869888305665},"rotation":{"x":-0.14665038883686067,"y":0.8533320426940918,"z":-0.35076645016670229,"w":-0.3567659556865692},"size":18.74375343322754,"orthographic":true}